open_time,open,high,low,close,volume
1750046400000,5949.0,6055.25,5944.0,6035.75,1744867.0
1750132800000,6038.5,6040.5,5976.75,5985.0,870571.0
1750219200000,5977.25,6020.75,5964.75,5981.5,0.0
1750392000000,5984.0,6019.25,5918.25,6010.2099609375,1694443.0
1750651200000,5964.0,6081.5,5959.0,6077.0,1358034.0
1750737600000,6078.0,6155.25,6075.25,6146.25,1077333.0
1750824000000,6144.75,6160.25,6130.75,6147.0,902500.0
1750910400000,6144.75,6200.0,6141.25,6195.0,1039428.0
1750996800000,6197.5,6239.0,6183.25,6223.75,1353399.0
1751256000000,6223.25,6265.5,6223.25,6253.75,1364101.0
1751342400000,6245.75,6261.5,6227.25,6248.75,1320618.0
1751428800000,6247.75,6279.5,6235.5,6275.0,1044261.0
1751549400000,6276.5,6333.25,6270.5,6324.25,0.0
1751601600000,6320.75,6322.75,6276.5,6283.5,0.0
1751860800000,6307.75,6315.0,6246.25,6276.0,1376613.0
1751947200000,6262.5,6289.0,6254.5,6272.0,1073914.0
1752033600000,6272.0,6315.25,6260.0,6307.25,1144723.0
1752120000000,6306.0,6335.5,6287.5,6324.25,948393.0
1752206400000,6323.0,6330.25,6276.75,6300.0,1100047.0
1752465600000,6274.0,6315.0,6259.75,6311.0,909223.0
1752552000000,6309.5,6343.0,6272.5,6284.0,1279068.0
1752638400000,6273.75,6308.75,6241.0,6303.25,1462969.0
1752724800000,6299.25,6345.5,6288.25,6340.5,1052843.0
1752811200000,6342.5,6357.0,6323.25,6334.75,1050307.0
1753070400000,6335.75,6374.0,6329.75,6344.75,934271.0
1753156800000,6347.0,6353.75,6318.75,6346.75,1130356.0
1753243200000,6346.5,6407.25,6342.75,6396.25,1203541.0
1753329600000,6404.0,6418.25,6391.5,6401.5,1073595.0
1753416000000,6406.75,6431.0,6401.0,6425.0,829856.0
1753675200000,6450.0,6457.75,6408.75,6422.75,972646.0
1753761600000,6424.25,6442.5,6396.25,6406.0,1122508.0
1753848000000,6404.0,6435.25,6366.75,6396.25,1302795.0
1753934400000,6435.5,6468.5,6357.5,6374.25,1857020.0
1754020800000,6359.5,6373.5,6239.5,6264.5,2287699.0
1754280000000,6257.0,6370.0,6251.25,6356.0,1304652.0
1754366400000,6370.0,6377.5,6315.5,6325.25,1402448.0
1754452800000,6323.0,6379.5,6313.25,6371.0,1233346.0
1754539200000,6371.0,6426.75,6334.5,6366.5,1458573.0
1754625600000,6372.5,6425.75,6369.25,6413.5,1196497.0
1754884800000,6422.75,6431.5,6387.5,6399.75,1073359.0
1754971200000,6396.0,6470.0,6391.25,6468.5,1271180.0
1755057600000,6468.0,6502.5,6461.0,6488.75,1111683.0
1755144000000,6485.0,6496.0,6453.25,6490.5,1186070.0
1755230400000,6489.25,6508.75,6461.5,6471.5,1122157.0
1755489600000,6467.0,6484.25,6456.0,6469.25,860451.0
1755576000000,6468.5,6477.5,6419.25,6432.5,1224317.0
1755662400000,6433.0,6438.0,6362.75,6413.25,1609469.0
1755748800000,6414.25,6419.0,6370.25,6388.25,1200689.0
1755835200000,6392.0,6496.25,6364.0,6483.25,1420723.0
1756094400000,6493.0,6494.0,6453.0,6455.5,932515.0
1756180800000,6460.25,6487.5,6430.75,6482.5,1133761.0
1756267200000,6486.75,6505.5,6459.25,6496.0,957730.0
1756353600000,6485.0,6523.0,6471.0,6517.5,1170397.0
1756440000000,6516.0,6518.0,6455.5,6472.75,0.0
1756785600000,6478.75,6491.5,6371.75,6425.5,1802584.0
1756872000000,6448.0,6464.25,6425.5,6457.25,1435997.0
1756958400000,6460.0,6516.75,6454.5,6510.75,1186477.0
1757044800000,6515.75,6541.75,6452.0,6489.75,1710784.0
1757304000000,6483.75,6516.5,6480.25,6506.0,1187985.0
1757390400000,6507.75,6536.25,6489.25,6521.75,1169514.0
1757476800000,6532.25,6565.25,6522.5,6539.75,1381759.0
1757563200000,6535.75,6600.0,6535.5,6592.5,1282669.0
1757649600000,6596.25,6606.0,6576.0,6588.25,1601056.0
1757908800000,6588.25,6623.5,6585.25,6621.5,1539732.0
1757995200000,6616.25,6639.0,6604.25,6610.75,837034.0
1758081600000,6613.0,6629.0,6554.0,6601.25,560841.0
1758168000000,6606.0,6662.0,6605.75,6635.0,339967.0
1758254400000,6640.0,6660.75,6622.75,6658.77001953125,1369003.0
1758513600000,6716.0,6756.75,6695.25,6752.5,1081569.0
1758600000000,6749.5,6756.5,6701.75,6715.0,1264195.0
1758686400000,6717.75,6728.75,6678.0,6692.25,1250173.0
1758772800000,6697.25,6705.25,6624.25,6659.75,1710507.0
1758859200000,6662.75,6703.75,6653.25,6696.5,1338413.0
1759118400000,6697.0,6736.0,6696.25,6713.5,1209953.0
1759204800000,6708.0,6743.5,6693.0,6738.75,1521737.0
1759291200000,6725.5,6769.5,6680.0,6761.5,1312743.0
1759377600000,6757.0,6782.25,6741.5,6766.75,1182875.0
1759464000000,6764.75,6800.0,6754.0,6764.0,1366239.0
1759723200000,6768.0,6797.75,6766.5,6788.75,1087339.0
1759809600000,6789.5,6802.75,6747.25,6761.5,1433808.0
1759896000000,6766.0,6807.75,6758.25,6801.25,1047925.0
1759982400000,6802.75,6812.25,6760.75,6779.25,1370466.0
1760068800000,6779.5,6806.5,6540.25,6595.25,2570043.0
1760328000000,6632.0,6711.5,6632.0,6694.75,2570043.0
1760414400000,6691.0,6722.5,6593.25,6686.5,2147252.0
1760500800000,6684.25,6766.75,6651.5,6715.0,2009854.0
1760587200000,6715.25,6750.5,6632.0,6668.75,2221351.0
1760673600000,6659.25,6718.0,6571.25,6702.5,2081456.0
1760932800000,6721.0,6783.0,6694.0,6773.75,1207586.0
1761019200000,6779.5,6789.75,6759.25,6773.25,1285745.0
1761105600000,6776.0,6788.75,6690.75,6737.0,1905565.0
1761192000000,6733.5,6785.75,6717.5,6775.0,1375494.0
1761278400000,6778.25,6841.25,6776.5,6827.0,1279387.0
1761537600000,6881.0,6916.25,6865.75,6908.25,1191278.0
1761624000000,6914.0,6944.75,6901.5,6925.75,1221838.0
1761710400000,6929.25,6952.0,6882.25,6922.75,1536995.0
1761796800000,6906.5,6953.75,6851.0,6855.5,1817621.0
1761883200000,6897.0,6918.5,6843.5,6874.0,1764133.0
1762146000000,6878.0,6909.5,6849.5,6882.75,0.0
1762232400000,6884.0,6884.0,6786.25,6801.75,1702971.0
1762318800000,6801.0,6857.75,6748.5,6825.25,1467734.0
1762405200000,6828.5,6843.5,6733.5,6747.5,1860279.0
1762491600000,6763.0,6772.0,6655.5,6753.75,2127595.0
1762750800000,6788.0,6865.75,6772.0,6856.75,1597305.0
1762837200000,6857.25,6880.0,6830.5,6871.5,1348763.0
1762923600000,6874.0,6900.5,6852.0,6875.75,1402032.0
1763010000000,6873.25,6892.5,6746.0,6760.0,2087220.0
1763096400000,6762.75,6795.5,6670.5,6755.25,2105234.0
1763355600000,6764.75,6801.5,6658.5,6692.0,1883810.0
1763442000000,6696.5,6708.75,6594.0,6639.75,2514985.0
1763528400000,6630.75,6709.0,6613.25,6661.5,2041130.0
1763614800000,6697.5,6791.25,6550.5,6557.5,2987357.0
1763701200000,6560.0,6677.5,6525.0,6620.25,2592859.0
1763960400000,6654.75,6731.75,6625.0,6721.25,1611105.0
1764046800000,6726.25,6792.5,6674.5,6781.5,1656062.0
1764133200000,6781.0,6846.75,6778.25,6828.0,1459184.0
1764340200000,6830.25,6863.75,6824.25,6859.5,460053.0
1764565200000,6854.75,6864.5,6802.0,6826.75,1472111.0
1764651600000,6829.0,6863.5,6812.25,6840.25,1455018.0
1764738000000,6843.0,6873.25,6817.5,6862.0,1310103.0
1764824400000,6866.0,6880.75,6836.25,6866.75,1323676.0
1764910800000,6865.5,6905.0,6856.75,6878.25,1336540.0
1765170000000,6883.0,6893.75,6835.25,6855.75,1257776.0
1765256400000,6865.0,6872.75,6844.0,6848.25,1008518.0
1765342800000,6847.25,6908.0,6830.75,6891.75,1473707.0
1765429200000,6887.0,6928.75,6817.5,6907.25,1815978.0
1765515600000,6914.0,6915.5,6805.0,6830.75,2609362.0
1765774800000,6831.0,6872.5,6806.25,6823.0,1771047.0
1765861200000,6825.25,6833.75,6762.0,6801.0,1070240.0
1765947600000,6796.0,6826.75,6723.75,6726.5,590558.0
1766034000000,6739.25,6818.5,6720.25,6778.25,416394.0
1766120400000,6772.25,6802.75,6768.0,6796.5400390625,1403081.0
1766379600000,6906.25,6936.25,6900.5,6930.25,989308.0
1766466000000,6930.75,6963.75,6913.25,6961.0,874601.0
1766586600000,6959.5,6988.0,6952.5,6982.5,457055.0
1766725200000,6979.5,6994.0,6969.0,6979.25,636544.0
1766984400000,6980.5,6984.75,6936.0,6955.0,882739.0
1767070800000,6956.5,6961.5,6940.75,6944.25,773655.0
1767157200000,6945.5,6951.5,6890.25,6892.5,990179.0
1767330000000,6902.0,6939.75,6866.75,6900.5,1571467.0
1767589200000,6911.5,6963.5,6899.5,6943.75,1262018.0
1767675600000,6945.5,6991.5,6931.0,6987.75,1192527.0
1767762000000,6988.5,7006.75,6958.0,6963.25,1264816.0
1767848400000,6967.5,6977.75,6935.25,6962.0,1303097.0
1767934800000,6973.25,7017.5,6954.25,7005.0,1342341.0
1768194000000,7007.0,7025.25,6950.0,7016.5,1063552.0
1768280400000,7014.0,7036.25,6976.75,7001.75,1376658.0
1768366800000,6998.5,7002.5,6923.25,6966.25,1768305.0
1768453200000,6955.75,7017.25,6949.5,6981.75,1293668.0
1768539600000,6986.75,7007.0,6960.5,6976.75,1297479.0
1768885200000,6918.25,6935.0,6822.25,6829.5,2391547.0
1768971600000,6839.0,6945.25,6814.5,6910.0,2200553.0
1769058000000,6920.0,6969.0,6911.25,6945.0,1336659.0
1769144400000,6938.0,6964.0,6924.75,6945.75,1221966.0
1769403600000,6904.0,6995.5,6879.0,6981.25,1062544.0
1769490000000,6977.0,7018.5,6972.0,7008.5,980139.0
1769576400000,7010.25,7043.0,6977.25,7007.25,1187287.0
1769662800000,7021.5,7029.5,6898.25,6992.75,1947645.0
1769749200000,6992.75,6995.0,6917.5,6965.75,2046596.0
1770008400000,6938.5,7017.25,6864.5,7002.5,1491899.0
1770094800000,7004.25,7027.25,6886.25,6941.75,1942807.0
1770181200000,6934.0,6965.75,6862.5,6906.25,2145116.0
1770267600000,6915.5,6935.25,6785.0,6820.75,2107676.0
1770354000000,6785.5,6965.5,6751.5,6952.75,1796075.0
1770613200000,6960.25,7000.5,6921.0,6983.25,1198044.0
1770699600000,6985.0,7006.5,6957.0,6961.5,1187062.0
1770786000000,6971.5,7011.5,6931.0,6960.5,1498739.0
1770872400000,6964.5,6992.75,6842.0,6851.0,2078744.0
1770958800000,6865.5,6897.75,6808.75,6850.5,1803723.0
1771304400000,6852.5,6885.5,6791.0,6860.5,1837384.0
1771390800000,6862.75,6925.75,6848.75,6894.25,1346435.0
1771477200000,6891.75,6912.5,6847.75,6877.0,1286455.0
1771563600000,6874.25,6931.5,6847.25,6923.25,1816863.0
1771822800000,6918.0,6930.25,6832.75,6851.5,1462094.0
1771909200000,6858.25,6912.75,6828.5,6903.75,1335317.0
1771995600000,6900.25,6983.75,6892.25,6959.75,1062293.0
1772082000000,6965.0,6970.75,6870.75,6920.0,1548837.0
1772168400000,6899.0,6915.5,6841.5,6889.0,1638910.0
1772427600000,6820.0,6911.25,6768.5,6888.25,1844835.0
1772514000000,6883.5,6886.0,6718.75,6824.75,2259359.0
1772600400000,6813.25,6894.0,6773.5,6876.0,1546814.0
1772686800000,6883.25,6900.75,6777.0,6835.25,1948470.0
1772773200000,6826.0,6854.0,6715.75,6743.75,1940173.0
1773028800000,6685.5,6818.5,6584.5,6801.0,2265287.0
1773115200000,6800.75,6852.0,6762.5,6787.25,1893966.0
1773201600000,6796.75,6822.5,6749.75,6779.5,1603374.0
1773288000000,6766.0,6769.5,6671.75,6677.5,2042016.0
1773374400000,6684.25,6737.5,6625.0,6636.0,2407679.0
1773633600000,6608.5,6734.25,6608.5,6704.75,2025388.0
1773720000000,6700.0,6757.5,6665.25,6721.75,834934.0
1773806400000,6722.5,6762.25,6604.0,6626.0,501911.0
1773892800000,6622.0,6644.5,6561.75,6609.25,450179.0
1773979200000,6622.75,6635.0,6558.0,6594.6298828125,2011431.0
1774238400000,6510.0,6748.0,6483.5,6634.75,2176195.0
1774324800000,6635.0,6680.5,6573.5,6606.0,1924003.0
1774411200000,6646.5,6684.75,6616.5,6640.75,1709266.0
1774497600000,6641.5,6647.0,6517.0,6525.0,1689160.0
1774584000000,6536.0,6568.5,6389.0,6412.25,1918291.0
1774843200000,6380.0,6481.75,6359.5,6388.25,1793061.0
1774929600000,6385.25,6583.25,6353.25,6570.75,2363577.0
1775016000000,6562.0,6653.75,6561.0,6617.75,1752607.0
1775102400000,6618.5,6644.5,6503.75,6622.25,1965184.0
1775448000000,6590.0,6661.0,6567.0,6651.0,1103916.0
1775534400000,6650.5,6673.5,6572.75,6656.75,1997800.0
1775620800000,6689.0,6847.25,6652.25,6823.75,2199329.0
1775707200000,6814.25,6876.0,6792.5,6863.25,1604541.0
1775793600000,6858.0,6888.0,6846.25,6855.25,1312566.0
1776052800000,6780.0,6928.25,6767.0,6922.75,1541313.0
1776139200000,6925.25,7008.0,6920.25,7004.75,1356650.0
1776225600000,7004.0,7064.5,6991.75,7060.5,1395387.0
1776312000000,7057.25,7089.0,7046.5,7077.0,1360502.0
1776398400000,7077.25,7185.75,7075.25,7161.5,1847098.0
1776657600000,7102.5,7160.5,7085.0,7148.0,1374523.0
1776744000000,7150.75,7183.0,7085.0,7100.0,1819102.0
1776830400000,7125.0,7173.0,7121.25,7171.25,1185812.0
1776916800000,7163.0,7181.5,7079.25,7143.5,1862446.0
1777003200000,7143.0,7200.5,7135.5,7194.75,1463962.0
1777262400000,7185.0,7211.25,7171.5,7206.0,1085690.0
1777348800000,7204.75,7223.25,7146.25,7171.0,1361467.0
1777435200000,7172.5,7190.75,7131.25,7168.0,1368362.0
1777521600000,7150.0,7253.5,7133.75,7243.75,1732392.0
1777608000000,7256.0,7300.75,7240.75,7258.0,1263615.0
1777867200000,7276.25,7279.75,7199.5,7230.25,1581015.0
1777953600000,7228.75,7304.25,7223.75,7287.25,1115385.0
1778040000000,7300.5,7395.75,7293.5,7389.5,1631260.0
1778126400000,7380.5,7410.5,7345.5,7363.0,1753384.0
1778212800000,7340.0,7427.75,7336.25,7419.0,1312034.0
1778472000000,7403.5,7454.75,7390.5,7436.75,1233354.0
1778558400000,7435.5,7443.75,7363.25,7426.5,1625151.0
1778644800000,7419.25,7483.75,7399.0,7469.5,1301334.0
1778731200000,7477.5,7540.0,7471.0,7525.5,1371818.0
1778817600000,7522.25,7528.25,7409.25,7432.25,1923350.0
1779076800000,7410.0,7454.25,7373.5,7425.75,1983487.0
1779163200000,7423.5,7440.75,7354.25,7378.0,1804940.0
1779249600000,7377.0,7458.0,7356.0,7451.75,1585626.0
1779336000000,7432.75,7486.75,7407.5,7466.0,1738205.0
1779422400000,7467.0,7524.0,7466.75,7491.0,1242275.0
1779768000000,7519.0,7569.75,7517.0,7537.0,1422109.0
1779854400000,7533.0,7570.75,7515.0,7540.0,1291159.0
1779940800000,7553.75,7590.75,7505.75,7581.75,1280521.0
1780027200000,7587.5,7611.5,7572.75,7595.75,1581690.0
1780286400000,7595.0,7632.25,7576.25,7613.25,1392611.0
1780372800000,7612.0,7632.0,7576.5,7623.75,1086612.0
1780459200000,7628.0,7628.5,7541.75,7571.75,1379991.0
1780545600000,7539.75,7611.5,7524.5,7601.0,1242281.0
1780632000000,7589.5,7591.0,7359.0,7400.5,2370312.0
1780891200000,7368.0,7476.75,7355.5,7416.0,1821072.0
1780977600000,7412.75,7491.0,7247.25,7392.75,2505679.0
1781064000000,7380.0,7404.75,7256.0,7278.5,1851849.0
1781150400000,7259.25,7420.0,7232.25,7396.0,2295133.0
1781236800000,7397.5,7461.75,7366.5,7435.0,2295133.0
